IUSA Number,Y2019,Y2020,Y2021
00-268-7606,1,1,1
00-326-1245,1,1,1
00-866-7537,1,1,1
00-929-3945,1,1,1
11-815-7221,1,1,1
11-816-2114,1,1,1
11-819-6567,1,1,1
11-825-9795,1,1,1
11-826-0512,1,1,0
11-826-5701,1,1,1
11-826-7210,0,1,1
11-826-7509,1,1,1
11-826-8341,1,1,1
11-826-9760,1,1,1
11-827-1162,1,1,1
11-827-4562,1,1,1
11-827-4711,1,1,1
11-827-5007,1,1,1
11-827-5627,1,1,1
11-827-5726,1,1,1
11-827-6435,1,1,1
11-827-7953,1,1,1
11-828-2045,1,1,1
11-828-4710,0,1,1
11-828-5394,1,1,1
11-829-2036,1,1,1
11-829-2671,1,1,1
11-829-4701,1,1,1
11-829-8066,1,1,1
11-829-9064,1,1,1
11-829-9262,1,1,1
11-830-1811,1,1,1
11-830-3585,1,1,1
11-830-4997,1,1,1
11-830-5069,1,0,0
11-830-6463,1,1,1
11-830-9921,1,1,1
11-831-0630,2,2,2
11-831-1067,1,1,1
11-831-1737,1,1,1
11-831-1760,1,1,1
11-831-4251,1,1,1
11-831-4418,1,1,1
11-831-4921,1,1,1
11-831-5498,1,1,1
11-831-5514,1,1,1
11-831-9524,1,1,1
11-831-9946,1,1,1
11-832-2684,1,1,1
11-832-2932,1,1,1
11-832-3104,1,1,1
11-832-3112,1,1,1
11-832-3500,1,1,1
11-832-4185,1,1,0
11-832-4789,1,1,1
11-833-3699,1,1,1
11-833-4051,0,1,1
11-833-4424,1,1,1
11-833-5322,1,1,0
11-833-5744,1,1,1
11-833-6114,1,1,1
11-833-7351,1,1,1
11-833-8383,1,1,1
11-833-8961,1,1,1
11-833-9878,1,0,0
11-834-0041,1,1,1
11-834-1031,1,1,1
11-834-1486,1,1,1
11-834-1890,1,1,1
11-834-2047,1,1,1
11-834-3219,2,2,2
11-835-2236,1,1,1
11-835-2467,1,1,1
11-835-2558,1,0,0
11-835-2707,1,1,1
11-835-2962,1,1,1
11-835-3036,1,1,1
11-835-3903,1,1,1
11-835-3911,1,1,1
11-835-4695,1,1,1
11-835-4810,1,1,1
11-835-5304,1,1,1
11-835-5585,1,1,1
11-835-8118,1,1,1
11-835-9249,1,1,1
11-836-0510,1,1,1
11-836-1062,1,1,1
11-836-1617,1,1,1
11-836-2177,1,1,1
11-836-3050,1,1,1
11-836-3514,1,1,1
11-836-5352,1,1,1
11-836-8307,1,1,1
11-836-8687,1,0,0
11-836-8745,1,1,1
11-836-8794,1,1,1
11-837-7266,1,1,1
11-837-8074,1,1,1
11-837-9114,1,1,1
11-837-9643,1,1,0
11-838-1730,1,1,1
11-838-5111,1,1,1
11-838-7356,1,1,1
11-839-0525,1,1,1
11-840-1116,1,1,1
11-840-1652,1,1,1
11-840-3344,1,1,1
11-840-3682,1,1,1
11-840-5109,1,1,1
11-840-5299,1,1,1
11-840-5448,1,1,1
11-840-7303,1,1,1
11-840-9093,1,1,1
11-840-9218,1,1,1
11-841-1131,2,2,2
11-841-3038,1,0,0
11-841-4374,1,1,1
11-841-4515,1,0,1
11-842-8747,1,1,1
11-843-6443,1,1,0
11-843-8548,1,1,1
11-843-8845,1,0,0
11-844-0684,1,1,1
11-844-2953,1,1,1
11-844-4330,1,1,1
11-844-4611,1,1,1
11-844-8786,1,0,1
11-845-0527,1,0,1
11-845-1756,1,1,1
11-845-4933,1,1,0
11-845-5070,1,1,1
11-845-6250,1,1,1
11-845-7746,1,1,1
11-845-7803,1,1,1
11-845-7977,1,1,1
11-845-8504,1,1,1
11-846-0369,1,1,1
11-846-0575,1,1,1
11-846-1292,1,1,1
11-846-1656,1,1,1
11-846-2035,1,1,1
11-846-4098,1,1,1
11-846-6069,1,1,1
11-846-6432,1,1,1
11-846-7018,1,1,1
11-846-7505,1,1,1
11-846-9006,1,1,1
11-846-9014,1,1,1
11-846-9618,1,1,0
11-847-2695,1,1,1
11-847-5367,1,1,1
11-847-5474,1,1,1
11-847-5615,1,1,1
11-847-7827,1,1,1
11-847-9310,1,1,1
11-848-3460,1,1,1
11-848-4005,1,1,1
11-848-4344,1,1,1
11-848-4625,1,1,1
11-848-5135,1,1,1
11-848-5358,1,1,1
11-848-5671,1,1,1
11-848-6349,1,1,1
11-848-8469,1,1,1
11-848-8568,1,1,1
11-848-8972,1,1,1
11-848-9095,1,1,1
11-848-9269,1,1,1
11-849-0028,1,1,1
11-849-4020,1,1,1
11-849-4467,1,0,0
11-850-1147,1,1,1
11-850-3341,1,1,1
11-850-5361,1,1,1
11-850-7482,1,1,1
11-850-9991,1,1,1
11-851-0270,1,1,1
11-851-1229,1,1,1
11-851-1336,1,1,1
11-851-1823,1,1,1
11-851-2938,2,2,2
11-851-3308,1,1,1
11-851-3951,1,1,1
11-851-4884,1,1,1
11-851-4991,1,1,1
11-852-3034,1,0,1
11-852-3778,1,1,0
11-852-3869,1,1,1
11-852-5591,2,2,2
11-852-6201,1,1,1
11-852-6714,1,1,1
11-852-7977,1,1,1
11-852-8934,1,1,1
11-852-9338,1,1,1
11-852-9742,1,1,1
11-852-9874,1,1,1
11-853-0013,1,1,1
11-853-0682,1,1,1
11-853-1847,1,1,1
11-853-1920,2,2,2
11-853-2217,1,1,1
11-853-3892,1,1,1
11-853-4023,1,1,1
11-853-9527,1,1,1
11-854-0012,1,1,1
11-854-0582,1,1,1
11-854-4113,1,1,1
11-854-4170,1,1,1
11-854-8775,1,0,0
17-605-4518,1,1,1
17-605-4674,1,1,1
17-605-5200,1,1,1
17-733-3077,1,1,1
17-733-3416,1,1,1
17-733-3762,1,1,1
17-757-1544,1,1,1
17-757-1775,1,1,1
17-825-6178,1,1,1
17-849-8952,1,0,0
17-958-1293,1,1,1
17-958-1558,1,1,0
18-016-9682,1,1,1
18-128-6386,1,1,1
20-283-6771,1,1,1
20-283-7019,1,1,1
20-283-7035,1,1,1
20-389-5297,1,1,1
20-528-1231,1,1,1
20-669-4846,1,1,1
20-685-9845,1,1,1
20-708-3478,1,1,1
20-708-3536,1,1,1
20-708-4617,1,1,1
20-908-4490,1,1,1
20-967-1817,1,1,1
21-121-6999,1,1,1
21-142-3199,1,1,1
21-255-6666,1,0,0
21-255-6971,1,1,1
21-269-1463,1,1,1
21-269-1471,1,1,1
21-311-2485,1,1,1
21-488-7473,1,1,1
21-728-0940,1,1,1
21-728-0965,1,1,1
21-748-1456,1,1,1
21-748-3213,1,1,1
21-766-4119,1,1,1
21-793-0775,1,0,0
21-871-2388,1,1,1
21-871-5589,1,1,1
21-871-5977,1,1,1
21-871-7304,1,1,1
21-871-7940,1,1,1
21-871-7973,1,1,1
21-871-8948,1,1,1
21-871-9094,1,1,1
21-872-1892,1,1,1
21-872-3575,1,1,1
21-872-3625,1,1,1
21-872-4136,1,1,1
21-872-5885,1,1,1
21-872-6388,1,1,1
21-872-6933,1,1,1
21-872-7238,1,1,1
21-872-7246,1,0,0
21-872-7303,1,1,1
21-872-7592,1,1,1
21-872-7659,1,1,1
21-872-7709,1,1,1
21-872-7899,1,0,0
21-872-8038,1,1,1
21-872-8673,1,1,1
21-872-8699,1,1,1
21-872-8897,1,1,1
21-872-9101,1,1,1
21-873-0588,1,1,1
21-873-1180,1,1,1
21-873-2436,1,1,1
21-873-4150,1,1,1
21-873-5892,1,1,1
21-873-8011,1,1,1
21-873-8318,1,1,0
21-873-8748,1,1,1
21-873-9266,1,1,1
21-873-9399,0,1,0
21-873-9480,1,1,1
21-873-9498,1,1,1
21-873-9522,1,1,1
21-873-9662,1,1,1
21-873-9985,0,1,1
21-874-0017,1,1,1
21-874-6642,2,2,2
21-874-7004,1,0,1
21-945-5086,1,1,1
22-027-7933,1,1,1
22-027-8014,1,1,1
22-206-7837,1,1,1
22-239-4595,1,1,1
22-239-4868,1,1,1
22-239-5105,1,1,1
22-256-0385,1,0,0
22-274-0334,1,1,1
22-274-0367,1,1,1
22-402-4414,1,1,1
22-422-7074,1,1,1
22-422-7116,1,1,1
22-439-9949,1,1,1
22-440-0077,1,1,1
22-558-8904,1,1,1
22-558-8987,1,1,1
22-628-6565,1,1,1
22-789-6982,1,1,1
22-789-7287,0,1,1
22-789-7337,1,1,1
22-814-5330,1,1,1
22-947-5462,1,1,1
22-947-5561,1,1,1
22-953-8236,1,1,1
22-953-8277,1,1,1
22-971-4936,1,1,1
22-971-5222,1,1,1
23-219-9471,1,1,1
23-219-9687,1,1,1
23-418-4430,0,1,0
23-466-8887,1,1,1
23-466-9158,1,1,1
23-676-3918,1,1,1
23-691-0030,1,1,1
23-708-3829,1,1,1
23-868-1548,1,1,1
23-895-6114,1,1,1
24-060-7556,1,1,1
24-072-7040,1,1,1
24-072-7479,1,1,1
24-088-9063,1,1,1
24-212-1424,1,1,1
24-212-1572,1,1,1
24-212-1598,1,1,1
24-224-7070,1,1,0
24-224-7104,1,1,1
24-310-4700,1,1,1
24-310-4783,1,1,1
24-383-9511,1,1,1
24-383-9818,1,1,1
24-402-7736,1,1,1
24-495-6652,1,1,1
24-496-0365,1,1,1
24-496-1868,1,1,1
24-496-2338,1,1,1
24-496-5190,1,0,0
24-496-6529,1,1,1
24-496-6883,1,1,1
24-496-7170,1,1,1
24-496-7659,1,1,1
24-497-0265,1,1,1
24-497-0299,1,1,1
24-497-5249,1,1,1
24-578-5621,1,1,1
24-598-6120,1,1,0
24-618-4881,1,1,1
24-637-3559,1,1,0
24-755-6004,1,1,1
24-808-3545,1,1,1
24-960-8100,1,1,1
25-010-1102,1,1,1
25-136-9542,1,1,1
25-191-4487,1,0,0
25-205-6494,1,1,1
25-303-8590,1,1,1
25-317-2761,1,0,0
25-317-2878,1,1,1
25-353-3756,0,1,1
25-371-1840,1,1,1
25-671-5830,1,1,1
25-721-4924,1,1,1
25-721-5087,1,1,1
25-778-2896,1,1,1
25-845-3497,1,1,1
25-845-3802,1,0,0
25-877-0163,0,0,1
25-889-1795,1,1,1
26-037-9466,1,0,0
26-064-2996,1,1,1
26-181-2820,1,1,1
26-181-2903,1,1,1
26-200-3932,1,0,0
26-331-2985,1,1,1
26-444-1874,1,1,1
26-445-3267,1,1,1
26-620-1060,1,1,1
26-669-6434,1,1,1
26-911-1050,0,1,1
26-911-1670,1,1,1
30-020-5994,1,1,1
30-020-8717,1,1,1
30-322-5700,1,1,1
30-322-7375,1,1,1
30-483-1084,1,1,1
30-601-0786,1,1,1
30-601-1834,1,1,1
30-601-5330,1,1,1
30-677-7830,0,1,1
30-777-3606,1,1,1
30-777-6302,1,1,1
30-777-6914,1,1,1
30-777-9629,1,1,1
30-777-9934,1,1,1
30-777-9991,1,1,1
30-778-1609,1,1,1
30-967-2046,1,1,1
31-138-8003,1,1,1
31-138-9951,1,1,1
31-139-1692,1,0,1
31-139-5594,1,1,1
31-139-7061,1,1,1
31-139-9687,1,1,1
31-241-9229,1,1,1
31-361-4653,1,1,1
31-361-5890,2,2,2
31-444-9737,1,1,1
31-554-7778,1,1,1
31-591-8318,1,1,1
31-625-3707,1,1,1
35-372-9817,1,1,0
35-405-0270,1,1,1
35-528-5362,0,1,1
35-546-2813,2,2,0
35-558-9540,1,1,1
35-570-2234,1,1,1
35-600-4234,1,1,1
35-755-8188,1,1,1
35-832-0133,1,1,1
35-832-0257,1,1,1
35-832-2444,1,1,1
35-832-5454,1,1,1
35-833-2088,1,1,1
35-833-4688,1,1,1
35-834-1410,1,1,1
35-834-3531,1,1,1
35-834-3648,1,1,1
35-834-5742,1,1,1
35-834-6286,1,1,1
35-834-7284,1,1,1
35-834-7565,1,1,1
35-834-7656,1,1,1
35-834-8050,0,1,1
35-834-8373,1,1,1
35-834-8928,1,1,1
35-835-1047,1,1,1
35-835-1096,1,1,1
35-879-8338,1,1,0
35-879-8528,1,1,1
35-879-8544,1,1,1
35-892-2144,1,1,1
35-895-2497,1,1,0
36-492-1395,0,0,1
36-537-2119,1,1,1
36-558-7997,1,1,1
36-683-0313,1,1,1
36-903-7684,1,1,1
36-912-0316,1,0,0
36-921-0547,1,0,0
36-954-1669,1,1,1
37-213-1680,1,1,1
37-476-0221,1,1,1
37-482-1635,1,0,1
37-532-3383,1,1,1
37-857-6839,1,1,1
37-874-5137,1,1,1
37-891-6993,1,1,1
37-891-7157,1,1,1
37-897-5601,1,1,1
37-899-6367,1,1,1
38-241-5347,1,1,1
38-245-0559,1,1,1
38-272-0621,1,1,1
38-495-1224,1,1,1
38-495-1240,1,1,1
38-849-9675,1,1,0
38-852-5081,1,1,1
39-353-6297,1,1,1
39-393-9798,1,1,1
39-409-7307,1,1,1
39-595-9083,1,0,1
39-639-1971,1,1,1
39-666-0516,1,1,1
39-675-7163,1,1,1
39-932-4516,0,1,1
39-942-2781,1,1,1
39-942-2831,1,1,1
39-958-1495,1,1,1
39-960-7092,1,1,1
39-963-4864,1,1,1
39-965-8525,1,1,1
40-014-0907,1,1,1
40-014-1556,1,1,1
40-014-2957,1,1,1
40-020-9964,0,1,1
40-021-0166,1,1,1
40-033-0990,1,1,1
40-056-9305,1,1,1
40-060-1314,1,1,1
40-061-1218,1,1,1
40-062-7107,1,1,1
40-064-1417,1,1,1
40-065-3196,1,1,1
40-065-5321,1,1,0
40-068-9433,1,0,0
40-070-6719,1,1,1
40-070-9358,1,1,1
40-072-2468,1,1,1
40-072-5537,1,1,1
40-072-6543,1,1,1
40-072-7764,1,1,1
40-073-5783,1,1,1
40-073-8498,1,1,0
40-073-9850,1,1,1
40-074-2524,1,1,1
40-074-4819,1,1,1
40-074-4884,1,0,0
40-074-4926,1,1,1
40-074-7762,1,1,1
40-075-0154,1,1,1
40-075-2325,1,1,1
40-075-4826,2,2,2
40-075-5104,1,1,1
40-075-7647,1,1,1
40-081-2747,1,1,1
40-084-5807,1,1,1
40-136-7486,1,0,0
40-136-9942,1,1,1
40-143-0373,1,1,1
40-147-0346,1,1,1
40-159-8436,1,1,1
40-165-6829,1,1,1
40-168-6540,1,1,1
40-169-6952,1,1,1
40-170-9737,1,1,1
40-172-9177,1,1,1
40-183-0061,1,1,1
40-184-7428,1,1,0
40-185-0446,1,1,1
40-186-3591,1,1,1
40-197-5392,1,1,1
40-197-5415,1,1,1
40-198-5628,1,1,1
40-198-8899,1,1,1
40-200-0259,1,1,1
40-201-3946,1,1,1
40-212-5414,1,1,1
40-217-1794,1,1,1
40-217-1959,1,1,1
40-217-2838,1,1,1
40-217-3266,1,1,1
40-217-3756,1,1,1
40-217-3955,1,1,1
40-217-3957,1,1,1
40-217-3969,1,1,1
40-217-3970,0,0,1
40-217-3989,1,1,1
40-217-4000,1,1,1
40-217-4001,1,1,1
40-217-4002,1,1,1
40-217-4006,1,1,1
40-217-4010,1,1,1
40-217-4019,0,1,1
40-217-4061,1,1,1
40-217-4211,1,0,1
40-218-2172,1,1,1
40-218-2189,1,1,1
40-220-0070,1,1,0
40-221-4453,1,1,1
40-222-7543,1,1,1
40-223-9663,1,1,1
40-237-2397,1,1,1
40-254-1041,1,1,1
40-254-1047,1,1,1
40-257-3259,1,1,1
40-258-1761,1,1,1
40-258-2193,1,1,1
40-259-4166,1,1,1
40-277-4091,1,1,1
40-278-5816,0,0,1
40-279-3844,1,1,1
40-281-0763,0,1,1
40-292-7985,1,1,1
40-292-8886,1,0,0
40-292-8996,1,0,0
40-293-9408,1,1,1
40-312-4462,1,1,1
40-313-6981,1,1,0
40-313-7692,1,1,1
40-313-7732,1,0,0
40-313-8591,1,1,1
40-316-4610,1,1,1
40-331-3464,1,1,1
40-334-3877,1,1,1
40-336-4184,1,1,1
40-349-2611,1,1,1
40-350-1031,1,1,1
40-352-1975,1,1,1
40-359-0170,1,1,0
40-363-4332,1,1,1
40-367-3972,1,1,1
40-368-0935,1,1,1
40-376-3062,1,1,1
40-383-7353,1,1,0
40-397-5332,1,1,1
40-417-0290,1,1,1
40-420-8198,2,2,2
40-423-5073,0,1,1
40-423-5234,1,1,1
40-423-5490,1,0,0
40-423-5866,1,1,1
40-423-6343,1,1,1
40-423-6345,0,1,1
40-423-7784,1,1,1
40-423-7796,1,1,1
40-423-7797,1,1,1
40-423-7803,1,1,1
40-423-7814,1,1,0
40-423-7815,0,1,1
40-423-7816,1,1,1
40-423-7821,1,1,1
40-423-7831,1,1,1
40-423-7835,1,1,1
40-423-7837,1,1,1
40-423-7839,1,1,0
40-423-7850,1,1,1
40-423-7854,1,1,1
40-423-7868,1,0,0
40-423-7890,1,1,1
40-423-7891,0,1,1
40-423-7892,1,0,0
40-423-8089,1,1,1
40-423-8092,1,1,1
40-436-8329,1,1,1
40-436-8366,1,1,1
40-437-9038,1,1,1
40-452-8256,1,1,1
40-458-6038,1,1,0
40-462-8944,1,1,1
40-462-8951,1,0,0
40-468-5432,1,1,1
40-468-5440,1,1,1
40-468-5450,1,1,0
40-468-5452,1,1,1
40-468-5458,1,1,0
40-468-5464,1,1,1
40-468-5467,1,1,1
40-478-9921,1,1,1
40-480-1304,1,1,1
40-480-1978,1,1,0
40-495-5744,1,1,1
40-614-5782,1,1,1
40-614-6484,1,1,0
40-615-6465,1,1,1
40-647-8966,1,1,1
40-647-9030,1,1,1
40-648-0020,1,1,1
40-859-7513,1,1,1
40-863-7814,1,1,1
40-863-8632,0,0,1
40-864-0172,1,1,1
40-864-4492,1,1,1
40-865-0062,1,1,1
40-865-0475,1,1,1
40-866-4153,1,1,1
40-866-4677,1,1,1
40-867-1421,1,1,1
40-868-1283,1,1,1
40-868-1657,1,0,0
40-868-1910,1,1,1
40-869-6022,1,1,1
40-869-6498,1,0,0
40-869-6673,1,1,1
40-869-8079,2,2,2
40-870-6032,1,1,1
40-927-0003,1,1,1
40-980-3399,1,1,1
41-202-4539,1,1,1
41-398-7653,1,1,1
41-400-1689,1,1,1
41-401-0620,1,1,1
41-401-3867,0,1,0
41-401-9417,0,1,1
41-401-9961,1,1,1
41-439-7069,1,0,0
41-445-2271,1,1,1
41-448-9055,1,1,1
41-513-8033,1,1,1
41-513-8059,1,1,1
41-513-8061,1,1,1
41-514-9561,1,1,1
41-515-9374,1,1,1
41-515-9380,1,1,1
41-520-5398,1,0,0
41-520-5406,1,1,1
41-535-1006,1,1,1
41-536-6202,1,1,1
41-537-2697,1,0,0
41-537-3679,1,1,1
41-537-4271,1,1,1
41-537-4438,1,1,1
41-537-6425,1,1,1
41-537-6508,1,1,1
41-537-6599,1,1,1
41-537-8892,1,1,1
41-538-0146,1,1,1
41-538-1466,1,1,1
41-538-2233,1,1,1
41-538-2803,1,1,1
41-538-3033,1,1,1
41-538-3561,1,1,1
41-538-3793,1,1,1
41-538-3976,1,1,1
41-538-6945,1,1,1
41-538-7182,1,1,1
41-538-7448,1,1,1
41-539-1131,1,1,1
41-539-1163,1,1,1
41-539-1164,1,1,1
41-539-1439,1,1,0
41-539-5847,1,1,1
41-539-7827,1,1,1
41-539-7843,1,1,1
41-539-7876,1,1,1
41-539-7983,1,1,1
41-539-8130,1,1,0
41-540-0415,1,1,1
41-542-1670,1,1,1
41-543-6919,1,1,1
41-544-6621,0,1,1
41-544-6671,1,1,1
41-545-3261,1,1,1
41-545-7727,1,0,1
41-545-7903,1,1,1
41-555-5603,1,1,1
41-555-5797,1,0,0
41-555-5802,1,1,1
41-557-4055,1,1,1
41-558-3151,1,1,1
41-565-8925,1,1,1
41-605-5470,1,1,1
41-605-7213,1,1,1
41-605-7395,1,1,1
41-607-5013,1,1,1
41-607-5047,1,1,1
41-628-6103,0,1,0
41-633-6732,1,1,1
41-636-5165,1,1,1
41-641-9285,1,1,1
41-643-1438,1,1,1
41-643-9804,1,1,1
41-647-4576,1,1,1
41-647-7448,1,1,1
41-649-8398,1,1,1
41-654-5193,1,1,1
41-665-2434,1,1,1
41-676-4379,1,1,1
41-676-7794,1,1,1
41-683-5459,1,0,0
41-686-1008,1,1,1
41-687-2137,1,1,1
41-713-1297,1,0,0
41-721-3887,1,1,1
41-727-4199,1,1,1
41-729-7650,1,1,1
41-732-6353,1,1,1
41-732-7696,0,1,1
41-733-1286,0,0,1
41-751-8567,1,1,1
41-751-8582,1,1,1
41-752-9810,1,1,1
41-752-9812,1,1,1
41-754-0918,1,1,1
41-754-1046,1,1,1
41-754-2606,1,1,1
41-755-0652,1,1,1
41-755-1477,1,1,1
41-755-2896,1,1,1
41-770-8151,1,1,1
41-774-9258,1,1,1
41-775-1132,1,1,1
41-775-3545,1,1,1
41-775-4416,1,1,1
41-775-7353,1,1,1
41-776-5579,1,1,1
41-776-8130,1,0,0
41-776-9896,1,1,1
41-777-5968,1,1,1
41-777-6588,1,1,1
41-777-7577,1,1,1
41-777-9479,1,1,1
41-778-3722,1,1,1
41-973-4564,1,1,1
41-987-3208,1,1,1
42-030-9111,1,0,0
42-036-3183,1,1,1
42-037-5745,1,0,0
42-039-9331,1,1,1
42-039-9413,1,1,1
42-039-9661,1,1,1
42-039-9665,1,1,1
42-040-2236,1,1,1
42-040-2237,1,1,1
42-040-2239,1,1,1
42-040-2244,1,1,1
42-040-2263,1,1,1
42-040-2267,1,1,1
42-040-2268,1,1,1
42-040-2290,1,1,1
42-040-2292,1,0,0
42-040-2294,0,1,1
42-040-2296,0,1,1
42-040-2298,1,1,0
42-040-2303,1,1,1
42-111-3430,1,0,0
42-115-7427,2,2,2
42-115-7523,1,1,1
42-118-1152,1,1,1
42-120-8322,1,1,0
42-142-4026,1,1,1
42-168-3263,1,1,1
42-169-0161,1,1,1
42-169-1236,1,1,0
42-169-1249,1,0,0
42-169-1332,1,0,0
42-169-1354,1,1,1
42-170-3189,1,1,1
42-191-9217,1,1,1
42-193-5848,0,1,1
42-194-6574,1,1,1
42-195-3702,1,1,1
42-195-4067,1,1,1
42-196-0761,1,1,1
42-196-2992,1,1,1
42-196-8473,1,1,1
42-197-4412,1,1,1
42-197-7536,1,1,1
42-197-9228,1,1,1
42-197-9892,1,1,1
42-198-0843,1,0,0
42-198-3803,1,1,1
42-198-5399,1,1,1
42-198-8251,1,1,1
42-199-6688,1,1,1
42-199-7615,1,1,1
42-199-8566,1,1,1
42-199-9609,1,0,0
42-200-0694,1,1,1
42-200-1790,1,1,1
42-200-3252,1,1,1
42-200-3960,1,0,0
42-200-4920,1,1,1
42-206-4905,1,0,0
42-206-4908,1,1,1
42-206-5449,1,1,1
42-207-6994,1,0,0
42-207-7007,1,1,1
42-221-0238,1,1,1
42-222-3467,1,1,1
42-222-9051,1,1,1
42-228-5286,0,1,1
42-231-7956,1,1,1
42-231-8654,1,1,1
42-240-3384,1,1,1
42-240-5913,1,1,1
42-240-5926,1,1,1
42-240-6317,1,1,1
42-243-1331,1,0,0
42-243-6416,1,1,1
42-261-8560,1,1,1
42-270-3133,1,1,1
42-280-3000,1,1,1
42-343-9384,1,0,1
42-345-0624,2,2,2
42-347-1011,1,1,1
42-350-6917,0,1,1
42-351-4357,1,1,1
42-356-2965,1,1,1
42-369-5765,1,1,1
42-373-1911,1,1,1
42-374-8909,1,1,1
42-375-2504,1,1,1
42-427-1970,1,1,1
42-454-3976,1,1,1
42-509-1812,1,1,1
42-509-8908,1,1,1
42-512-5480,1,1,1
42-512-8401,1,1,1
42-512-8406,0,1,1
42-513-9978,1,1,1
42-513-9983,1,1,1
42-514-3306,1,1,1
42-519-3770,1,1,1
42-538-6811,1,1,1
42-541-6058,1,1,1
42-541-6065,1,1,1
42-542-1425,1,1,1
42-546-1240,1,1,1
42-547-2422,1,1,1
42-549-3549,1,1,1
42-549-3554,1,1,1
42-553-0320,1,1,1
42-555-5238,1,1,1
42-556-1886,1,1,1
42-556-3389,1,1,1
42-556-3664,1,1,1
42-561-2376,1,1,1
42-561-4045,1,1,1
42-561-8028,1,0,0
42-561-8223,1,0,0
42-562-2973,1,1,1
42-562-3093,1,1,1
42-568-1286,1,1,1
42-568-3931,0,0,1
42-569-0235,1,1,1
42-570-6163,1,1,1
42-570-6226,1,1,1
42-570-8044,1,1,1
42-570-9000,1,1,1
42-570-9646,1,0,0
42-571-0989,1,1,1
42-571-1516,1,1,1
42-571-1915,1,1,1
42-571-2154,1,1,1
42-571-4171,1,0,0
42-571-6078,1,1,1
42-594-0762,1,1,1
42-596-1391,1,1,1
42-597-3271,1,1,1
42-597-8767,1,1,1
42-598-4057,1,1,1
42-598-4185,1,1,1
42-598-4191,1,1,1
42-598-4201,1,1,1
42-598-4230,1,1,1
42-598-4392,1,0,0
42-598-9546,1,1,1
42-600-2047,1,1,1
42-601-8133,1,1,1
42-601-8139,1,1,1
42-602-1084,1,1,1
42-603-6306,1,1,1
42-603-6309,1,1,1
42-620-9405,0,1,0
42-620-9652,0,1,1
42-620-9990,0,1,1
42-620-9992,0,1,1
42-621-0990,1,1,1
42-661-1379,1,1,1
42-667-7820,1,1,1
42-669-3096,0,1,0
42-682-6895,0,0,1
42-689-9097,1,1,1
42-696-7377,1,1,1
42-713-1912,1,0,0
42-716-0602,1,1,1
42-723-6530,1,1,1
42-725-0200,1,1,1
42-726-4154,1,1,1
42-726-4636,1,1,1
42-726-4795,1,1,0
42-726-4915,1,1,1
42-726-4922,1,1,1
42-726-4931,1,1,1
42-726-4939,1,1,1
42-726-4944,1,1,1
42-726-4946,1,1,1
42-733-8340,1,1,1
42-737-1015,1,1,1
42-737-5926,1,1,0
42-737-8019,1,1,1
42-738-7890,0,1,1
42-750-6276,1,1,1
42-750-6279,1,1,0
42-750-6294,1,1,1
42-754-1342,1,1,1
42-754-4301,1,0,0
42-758-4414,1,1,0
42-772-4991,1,1,1
42-783-4475,1,1,1
42-789-3437,1,1,1
42-792-3150,1,1,0
42-792-7480,1,1,1
42-795-3539,1,1,1
42-798-0142,1,1,1
42-806-7410,1,1,1
42-807-6329,1,0,1
42-809-2693,1,1,1
43-019-9530,1,1,1
43-020-1651,1,1,1
43-021-6204,1,1,0
43-038-3504,1,1,1
43-038-3506,1,1,1
43-038-4067,1,1,1
43-038-5717,1,1,1
43-066-5741,1,1,1
43-077-7749,1,1,1
43-077-7874,1,1,1
43-078-0630,1,1,1
43-103-4670,1,1,1
43-103-7691,0,0,1
43-115-1408,1,1,0
43-129-8840,1,1,1
43-129-8851,1,1,1
43-146-9381,1,1,1
43-159-3553,1,1,1
43-159-3640,1,1,1
43-159-6042,1,1,1
43-168-9575,1,1,1
43-169-1981,1,0,0
43-178-9191,1,1,1
43-179-1674,1,1,1
43-191-9556,1,1,1
43-192-0376,1,1,1
43-192-0648,0,1,1
43-201-2139,1,1,1
43-201-2152,1,1,1
43-230-2641,1,1,1
43-230-3310,1,1,0
43-230-3391,1,1,1
43-237-3796,1,1,1
43-237-3911,1,1,1
43-237-6781,1,1,1
43-237-6783,1,1,1
43-247-2664,1,1,1
43-247-4852,1,1,1
43-247-5453,1,1,0
43-259-8792,0,0,1
43-273-5953,1,1,1
43-286-6741,1,1,1
43-286-6752,1,1,1
43-286-6871,1,1,1
43-286-9504,1,1,1
43-286-9544,1,1,1
43-298-2881,1,1,1
43-298-2903,1,1,1
43-298-2969,0,1,1
43-298-5127,1,1,1
43-315-5003,1,1,1
43-316-8981,1,1,1
43-316-9068,1,1,1
43-317-0090,1,1,1
43-317-1041,1,1,1
43-317-3431,1,1,1
43-317-7992,1,1,1
43-317-9585,1,1,1
43-319-4836,1,1,1
43-319-4837,1,1,1
43-320-3917,1,1,1
43-320-3925,1,1,1
43-355-8116,2,2,2
43-355-8233,1,0,0
43-356-1223,1,1,1
43-358-4808,1,1,1
43-385-5860,1,1,1
43-386-0489,0,0,1
43-389-7569,1,1,1
43-390-0234,1,1,1
43-405-3738,1,1,1
43-413-3794,0,1,1
43-413-3868,1,1,1
43-413-6359,1,1,1
43-413-6819,1,1,1
43-413-6857,0,0,1
43-422-8041,1,1,1
43-422-8053,1,1,1
43-424-6408,1,1,1
43-424-6458,1,1,0
43-431-5510,1,1,1
43-435-7944,1,1,1
43-436-8390,1,1,1
43-437-4074,0,1,1
43-443-4107,1,1,1
43-446-0904,1,1,1
43-446-8822,1,1,1
43-448-1363,1,1,1
43-477-2974,1,1,1
43-478-0601,1,1,1
43-479-8426,1,1,1
43-497-0274,1,1,1
43-497-6925,1,1,1
43-503-2244,1,1,1
43-520-6335,1,1,1
43-520-6336,1,1,1
43-520-6344,1,1,0
43-520-6352,1,1,1
43-520-6369,1,1,1
43-520-6372,1,1,1
43-520-6407,1,1,1
43-522-5638,0,0,1
43-522-6977,1,1,1
43-522-7561,1,1,1
43-540-3348,0,1,1
43-543-9446,0,1,1
43-544-1446,1,1,1
43-544-2401,1,0,0
43-544-5989,1,1,1
43-545-7968,1,1,1
43-546-4878,1,1,1
43-546-5736,1,1,1
43-554-5759,1,1,1
43-554-5760,2,2,2
43-554-6362,1,0,0
43-554-6381,1,1,1
43-554-6382,1,1,1
43-554-6441,1,0,0
43-564-3989,1,1,1
43-581-6781,1,1,1
43-592-1280,1,1,1
43-593-9052,1,1,1
43-599-8247,1,1,0
43-602-0748,1,0,0
43-605-2064,1,1,1
43-621-7089,1,1,1
43-622-4887,1,0,0
43-622-6860,1,1,1
43-622-7058,0,0,1
43-622-8916,1,1,1
43-623-8754,1,1,1
43-651-3749,1,1,1
43-651-9647,1,1,1
43-652-2806,1,1,1
43-652-3361,1,0,0
43-696-9123,1,1,1
43-698-8332,1,1,1
43-718-3863,1,1,1
43-719-5724,1,1,1
43-730-3918,0,1,1
43-734-8706,1,1,1
43-735-1339,1,1,1
43-736-2926,1,1,1
43-814-8191,1,1,1
43-816-4865,1,1,1
43-816-5630,1,1,1
43-818-2222,1,1,1
43-819-3120,1,1,1
43-825-5057,1,1,1
43-826-2087,1,1,1
43-826-2351,1,1,1
43-826-2400,1,1,1
43-836-9647,1,1,1
43-837-4019,1,1,1
43-857-7430,1,1,1
43-872-7301,1,1,1
43-872-7387,1,1,1
43-872-7581,1,1,1
43-872-7905,1,1,1
43-872-8054,1,1,1
43-872-8160,0,0,1
43-872-8177,1,1,1
43-872-8190,1,1,1
43-872-8194,1,1,1
43-872-8281,1,1,1
43-896-3420,1,1,1
43-900-6953,1,1,1
43-913-8239,0,1,0
43-929-3765,1,1,1
43-937-2353,1,1,1
43-976-0238,1,1,1
43-985-5019,1,1,1
43-986-9259,0,1,1
43-986-9311,0,0,1
43-986-9558,0,1,1
43-986-9600,1,1,1
43-986-9605,1,1,1
43-986-9606,1,1,1
43-986-9608,1,1,1
43-998-9706,1,1,1
44-010-2372,1,1,1
44-019-3579,1,1,1
44-039-0570,1,1,1
44-042-1506,1,1,1
44-053-8372,1,1,1
44-055-6784,1,1,1
44-056-8495,1,1,0
44-663-3950,1,1,1
44-663-5187,1,1,1
44-663-7878,1,1,1
44-663-8421,1,1,1
44-663-8520,1,0,0
44-663-9767,0,0,1
44-664-0096,1,1,1
44-664-1227,1,1,1
44-664-1789,1,1,1
44-664-5772,1,1,1
44-664-6036,1,1,1
44-664-6820,1,1,1
44-664-6937,1,1,1
44-664-9246,1,1,1
44-664-9493,1,1,1
44-664-9592,1,1,1
44-665-1655,1,0,0
44-665-2398,1,1,1
44-665-4261,1,1,1
44-665-8452,1,1,1
44-665-8858,1,1,1
44-666-2173,1,1,1
44-666-4773,1,1,1
44-666-4922,1,1,0
44-666-8881,1,1,1
44-666-9087,1,1,1
46-437-3018,1,1,1
46-437-4495,1,1,1
46-437-4917,1,1,1
46-437-4933,1,1,1
46-437-5922,1,1,1
46-437-6342,1,1,1
46-437-6458,1,1,1
46-437-8470,1,1,1
46-438-0302,1,0,0
46-438-1581,1,1,1
46-438-3090,1,1,1
46-438-5087,1,0,0
46-438-5129,1,1,1
46-438-6762,1,1,1
46-439-1580,1,1,1
46-439-6480,1,1,1
46-439-7231,1,1,1
46-440-0191,1,0,0
46-440-3450,1,1,1
46-440-3666,1,1,1
46-440-5323,1,1,1
46-440-6461,0,0,1
46-748-1370,1,1,1
48-422-5503,1,1,1
48-422-5693,1,0,0
48-422-5727,1,1,0
48-422-5925,1,1,1
48-422-6063,1,1,1
48-422-6097,1,1,1
48-422-6121,1,1,1
48-422-6139,1,1,1
48-422-6154,1,1,1
48-422-6170,1,0,0
48-422-6493,1,1,0
48-422-7095,0,0,1
48-422-7129,1,1,1
48-422-7137,1,1,1
48-422-7202,1,1,1
48-422-7640,1,1,1
48-422-7749,1,1,1
48-422-7855,1,0,0
48-422-8218,1,1,1
48-422-8937,1,1,1
48-422-9885,1,1,1
48-423-0115,1,1,1
48-423-0594,1,1,1
48-423-0818,1,1,1
48-423-0842,1,1,1
48-423-0891,1,1,1
48-423-1188,1,1,1
48-423-1568,1,1,0
48-423-1915,1,1,0
48-423-2848,1,1,1
48-423-3481,1,1,1
48-423-7094,1,1,1
48-423-7334,1,1,1
48-423-8050,1,1,1
48-423-8266,1,1,0
48-423-8407,1,1,1
48-423-8423,1,1,1
48-423-8563,1,1,1
48-423-9280,1,1,1
48-423-9876,1,1,1
48-423-9900,1,1,1
48-424-4678,1,1,1
48-424-9586,1,1,1
48-425-2366,1,1,1
48-425-4685,1,1,1
48-426-1011,1,1,1
50-560-4181,1,1,1
50-560-4611,1,1,1
50-561-2127,1,1,1
50-566-3146,1,1,1
50-567-7021,1,1,1
50-567-7138,1,1,1
50-567-9142,1,1,1
50-568-5008,1,1,1
50-568-5842,1,1,1
50-568-9562,1,0,0
50-571-7579,1,1,1
50-571-7611,1,1,1
50-572-0029,1,1,1
50-574-4441,1,1,1
50-575-2980,1,1,1
50-576-2518,1,1,1
50-579-3695,1,1,1
50-579-4115,1,1,1
50-580-4294,1,1,1
50-580-4450,1,1,1
50-580-4468,1,1,1
50-582-4722,1,1,0
52-082-5837,1,1,1
53-348-0703,0,0,1
53-348-6445,1,1,1
53-349-3136,1,1,1
53-350-0856,1,1,1
53-350-0880,1,1,1
53-350-1235,1,0,0
53-350-2514,1,1,1
53-350-3009,1,1,0
53-350-3157,1,1,1
53-350-3579,1,1,1
53-350-3876,1,1,1
53-350-4205,1,1,1
53-350-4585,1,1,1
53-350-5129,1,1,1
53-350-5475,1,1,1
53-350-6135,1,1,1
53-350-6192,1,1,1
53-350-6481,1,1,1
53-350-6648,1,1,1
53-350-6721,1,1,1
53-350-8495,1,1,1
53-350-9675,1,1,1
53-350-9709,1,1,1
53-350-9915,1,1,1
53-351-0087,1,0,0
53-351-0350,0,1,0
53-351-0715,1,1,1
53-351-6548,1,1,1
53-712-1725,0,1,1
54-516-4618,1,1,1
55-804-2982,1,1,1
55-852-2454,1,1,1
56-180-7132,1,1,1
56-474-2328,1,1,1
56-475-7862,1,1,0
56-475-8001,1,1,1
56-475-9850,1,0,1
56-476-6640,1,1,1
56-478-1441,1,0,0
56-479-1911,1,0,0
56-482-0835,1,1,1
56-482-7673,1,1,1
56-483-5932,1,1,1
56-483-6500,1,1,1
56-483-6732,1,1,1
56-483-6807,1,1,1
56-484-6954,1,1,1
56-485-2861,1,1,1
56-485-4107,1,1,1
56-486-6424,1,1,1
56-488-3619,1,1,1
56-488-6299,1,1,1
56-488-6489,1,1,1
56-488-8782,1,1,1
56-490-6493,1,1,1
56-491-3341,1,1,1
56-492-1161,1,1,1
56-492-1583,1,1,1
56-492-3720,1,1,1
56-492-6327,1,1,1
56-493-1764,1,1,1
56-493-3000,1,0,1
56-493-3927,1,1,1
56-494-7646,1,1,1
56-494-7711,1,1,1
56-494-8107,1,1,1
56-495-7561,1,1,1
56-495-8569,1,1,1
56-496-8220,1,1,1
56-497-1331,1,1,1
56-497-8575,1,1,0
56-497-8617,1,1,1
56-605-5208,1,1,1
56-605-5448,1,1,1
56-653-0390,1,1,1
56-653-0507,1,1,1
57-619-3304,1,1,1
57-619-3544,1,1,1
57-775-0896,1,1,1
58-583-6398,1,1,1
58-870-0476,0,0,1
58-870-0591,1,1,1
58-870-2159,1,1,0
58-871-1614,1,1,1
58-871-1689,1,1,1
58-871-2588,1,1,1
58-871-4022,1,1,1
58-871-6399,1,1,1
58-871-9468,1,1,1
58-872-0284,1,1,1
58-872-0706,1,1,1
58-872-5499,1,1,1
58-872-5598,1,1,1
58-872-5762,1,1,1
58-872-6281,1,1,1
58-872-6802,1,1,1
58-872-7198,1,1,1
58-872-7354,1,1,1
58-872-7495,1,1,1
58-872-7651,1,1,1
58-872-7859,1,1,1
58-872-7990,1,1,1
58-872-8071,0,1,1
58-872-8089,1,1,1
58-872-8204,1,1,1
58-872-8378,1,1,1
58-872-8519,1,1,1
58-872-8600,1,1,1
58-872-8717,1,1,1
59-082-6939,1,0,0
59-847-9392,1,1,1
60-252-6105,1,1,1
60-327-9068,1,0,0
60-327-9522,1,1,1
60-328-0207,1,1,1
60-328-1254,1,1,1
60-328-1387,1,1,1
60-328-1486,1,1,1
60-328-1742,1,0,0
60-328-2690,1,1,1
60-328-4209,1,1,0
60-328-4282,1,1,1
60-328-5842,1,1,1
60-329-3952,1,1,1
60-329-4216,1,1,1
60-329-4596,1,1,1
60-329-6799,1,1,1
60-330-1656,1,1,1
60-330-6135,1,1,1
60-331-2406,1,1,1
60-331-3909,1,1,1
60-331-6944,1,1,1
60-332-1209,1,1,1
60-333-6389,1,0,0
60-334-4482,1,1,1
60-335-1016,1,1,1
60-335-8854,1,1,1
60-335-9027,1,1,1
60-336-0264,1,1,1
60-336-0926,1,1,1
60-336-8267,1,1,1
60-336-8564,1,1,1
60-336-8697,1,1,1
60-357-2173,1,1,1
60-480-2967,1,1,1
60-483-3095,1,1,1
60-705-2966,1,1,1
60-709-5239,1,1,1
60-744-1946,1,1,1
60-954-7906,1,1,1
60-954-7989,1,1,1
60-962-2402,1,1,1
60-962-2527,1,1,1
61-279-7829,1,1,1
61-281-5977,1,1,1
61-289-4139,1,1,1
61-308-8939,1,1,1
61-314-6372,1,1,1
61-574-1857,1,1,1
61-593-6283,1,1,1
61-869-9110,1,1,1
61-901-8716,1,1,1
61-915-2176,1,1,1
62-024-5878,1,1,1
62-024-6793,1,1,1
62-024-7312,1,1,1
62-027-6402,1,1,1
62-027-8242,0,1,1
62-065-6744,1,1,1
62-397-4193,1,1,1
62-684-8766,1,1,1
62-693-5456,1,1,1
62-708-5715,1,1,1
62-951-8994,1,1,1
62-983-7451,1,1,1
63-213-6032,1,1,1
63-225-3761,1,1,1
63-225-3779,1,1,1
63-427-8907,1,1,1
63-427-9996,1,1,1
63-428-4004,1,1,1
63-428-4020,1,1,1
63-428-4038,1,1,1
63-428-5530,1,1,1
63-429-0431,1,1,1
63-429-2957,1,1,1
63-429-3344,1,1,1
63-429-3419,1,1,1
63-429-4946,1,1,1
63-429-6842,1,1,1
63-430-4968,1,1,1
63-430-8233,1,1,1
63-430-8274,1,1,1
63-431-9339,1,1,1
63-431-9727,1,1,1
63-432-4198,1,1,1
63-432-6789,1,1,1
63-432-6813,1,1,1
63-433-3231,1,1,1
63-433-3256,1,1,1
63-467-7165,1,1,1
63-505-5205,1,1,0
63-507-1145,1,1,1
63-750-0190,1,1,1
63-750-0265,1,1,1
63-861-4156,1,1,1
63-861-6250,1,1,1
64-332-0641,1,1,1
64-338-7574,1,1,1
64-348-1690,1,1,1
64-681-3246,1,1,1
64-958-0271,1,1,1
64-989-6370,1,1,1
65-003-8474,1,1,1
65-202-5487,1,1,1
65-207-1564,1,1,1
65-224-4799,1,1,1
65-350-6337,1,1,1
65-481-3757,1,1,1
65-709-7622,1,1,1
65-714-7245,1,1,1
65-726-5898,1,1,1
65-728-5292,1,1,1
65-732-1998,1,1,1
65-732-2038,1,1,0
65-907-6541,1,1,1
65-909-3298,1,1,1
65-916-7019,1,1,1
66-099-8519,1,1,1
66-154-3264,1,1,1
66-159-0034,1,0,0
66-163-9229,1,1,1
66-358-6667,1,1,1
66-358-8341,1,1,1
66-439-3832,1,1,1
66-576-4445,1,1,1
66-663-9075,1,1,1
66-687-0159,1,1,1
66-694-4830,1,0,0
66-725-1599,1,1,1
66-725-2316,1,1,1
66-725-7570,1,0,1
66-725-8339,1,0,1
66-725-8933,1,1,1
66-725-9337,1,1,1
66-725-9402,1,1,1
66-726-1093,1,1,1
66-726-3271,1,1,1
66-726-4311,1,1,1
66-726-5615,1,1,1
66-726-5888,1,1,0
66-726-6936,1,1,1
66-726-7223,1,1,1
66-726-7454,1,1,1
66-726-8205,1,1,0
66-726-9278,1,1,1
66-727-6240,1,1,1
66-727-6463,1,0,0
66-728-5019,1,1,1
66-896-4794,1,1,1
66-936-4150,1,1,0
66-956-4007,1,1,1
67-212-0649,1,1,1
67-227-1749,1,1,1
67-232-7350,1,1,0
67-246-7081,1,1,1
67-251-1334,1,1,1
67-262-1810,1,1,1
67-310-7207,1,1,1
67-311-8386,1,0,0
67-314-3061,0,1,1
67-314-3434,1,1,1
67-443-7447,0,1,1
67-480-9835,1,1,0
67-552-9754,1,1,1
67-707-0914,1,1,1
67-727-4730,1,1,1
67-752-8739,1,1,1
67-978-4314,1,1,1
68-219-6415,1,1,1
68-268-7942,1,1,1
68-274-8033,1,1,1
68-280-9397,1,1,1
68-504-5353,1,1,1
68-506-5781,1,1,1
68-510-1974,1,1,1
68-538-9918,1,1,1
68-756-0706,1,1,1
68-855-1282,1,1,1
68-866-9290,1,1,1
68-898-6405,1,1,1
68-914-8963,1,1,1
68-976-9263,1,1,0
68-985-5526,1,1,1
69-065-6913,1,1,1
69-209-2182,1,1,1
69-209-2190,1,1,1
69-222-4686,1,1,1
69-225-9658,1,1,1
69-380-9782,1,1,1
69-397-6276,1,1,1
69-439-7415,1,1,1
69-439-7548,1,1,1
69-439-7720,1,1,1
69-439-7928,1,1,1
69-440-0813,1,1,1
69-440-0862,1,1,1
69-440-1498,1,1,1
69-440-1605,1,0,0
69-440-1738,1,1,1
69-440-2033,0,2,2
69-440-2892,0,1,1
69-440-5374,1,1,0
69-440-6257,1,1,1
69-440-6778,1,1,1
69-440-7065,1,1,1
69-440-8824,1,1,1
69-441-1737,1,1,1
69-441-6124,1,1,1
69-441-6157,1,1,1
69-569-0214,1,1,1
69-581-2925,1,1,1
69-609-3426,1,1,1
69-616-9556,1,1,1
69-722-8013,1,1,1
69-747-0417,1,1,1
69-854-7759,0,1,1
69-855-7972,1,1,1
69-867-4413,1,1,1
70-000-2898,0,1,1
70-006-2868,1,1,1
70-007-1629,1,1,1
70-007-5430,1,1,1
70-009-2824,1,0,0
70-011-2310,1,1,0
70-011-5382,1,1,1
70-012-7678,1,1,1
70-013-6498,1,1,1
70-021-3158,1,1,1
70-022-7753,1,1,1
70-022-7757,1,1,1
70-029-8393,1,1,1
70-033-3058,1,1,1
70-042-5885,1,1,1
70-048-6233,0,1,0
70-055-2576,1,1,1
70-056-4489,1,0,0
70-072-0977,1,1,1
70-122-9463,1,1,0
70-342-6865,1,1,1
70-467-0372,1,1,0
70-488-4583,1,1,1
70-489-4550,1,1,1
70-494-3581,1,0,1
70-499-4889,1,1,1
70-499-9753,1,1,1
70-504-1281,1,1,1
70-506-9170,1,1,1
70-506-9174,1,1,1
70-512-0131,1,1,1
70-517-8250,1,0,0
70-517-8257,1,0,0
70-521-7551,1,1,1
70-522-2932,1,1,1
70-527-0949,1,1,1
70-527-0953,1,1,1
70-527-8329,1,1,1
70-535-9023,1,1,0
70-538-2865,1,1,1
70-543-3599,1,1,1
70-547-8943,1,0,0
70-557-4931,1,0,0
70-575-2633,1,1,1
70-582-8624,1,1,0
70-582-8657,1,1,1
70-584-7815,1,1,1
70-584-7825,1,1,1
70-586-4991,1,1,1
70-586-4994,1,1,1
70-591-8659,1,1,1
70-593-4692,1,1,1
70-597-4779,1,1,1
70-597-6370,1,1,1
70-602-1921,1,1,1
70-602-2078,1,0,0
70-602-2080,1,0,0
70-607-0726,1,1,1
70-607-0792,1,1,1
70-616-9870,1,0,0
70-639-8465,1,0,0
70-639-8469,1,1,1
70-639-8472,1,1,1
70-645-8886,1,0,0
70-646-4367,1,1,1
70-654-2992,0,0,1
70-660-4290,1,1,1
70-665-8125,1,1,1
70-668-0563,1,1,1
70-675-2039,1,1,1
70-681-7104,1,1,1
70-686-6285,1,1,1
70-692-4295,1,1,1
70-692-4352,1,0,0
70-694-3986,1,1,1
70-695-2274,1,1,1
70-698-9858,1,1,1
70-701-5081,1,1,1
70-701-5092,1,0,0
70-705-2196,1,1,1
70-705-2200,1,0,0
70-705-9923,1,1,1
70-711-2316,1,1,1
70-714-2294,1,1,1
70-728-6323,1,1,1
70-728-6326,1,1,1
70-728-6333,1,1,1
70-732-8652,1,1,1
70-732-8655,1,1,0
70-732-8659,1,1,1
70-733-4412,1,1,1
70-733-4415,1,1,1
70-740-6549,1,1,1
70-740-6550,1,1,1
70-773-8482,1,1,1
70-774-2068,1,1,1
70-774-2167,1,0,0
70-774-2178,1,0,0
70-774-4303,1,1,1
70-774-4311,1,1,1
70-783-4319,1,1,1
70-783-7271,1,1,0
70-812-8432,1,1,1
70-812-8437,1,1,1
70-819-0437,1,0,0
70-819-0438,1,1,1
70-819-2421,1,1,1
70-819-2425,1,1,1
70-820-1684,1,1,1
70-822-3744,1,1,1
70-824-3007,1,1,0
70-826-3749,1,1,1
70-830-5110,1,1,1
70-856-9779,1,1,1
70-858-3946,1,1,1
70-893-5551,1,0,0
70-894-7860,1,1,1
70-904-4555,1,1,1
70-912-9799,0,1,1
70-913-0676,0,1,1
70-956-6979,1,1,1
70-990-5184,1,1,1
70-990-5195,1,1,1
71-017-4121,1,1,0
71-032-2453,1,1,1
71-045-8239,1,1,1
71-050-8637,0,1,1
71-151-0898,1,1,1
71-151-4709,1,1,0
71-151-4797,1,1,1
71-151-5100,2,2,0
71-151-9039,1,1,0
71-151-9982,1,1,1
71-152-0194,1,1,1
71-152-1939,1,1,1
71-152-6076,1,0,0
71-154-4902,1,1,1
71-154-4905,1,1,1
71-181-2223,1,1,0
71-196-0150,0,1,1
71-196-0900,1,1,0
71-198-9351,1,1,1
71-199-6283,1,1,1
71-201-7070,1,1,1
71-201-9160,1,1,1
71-209-7712,1,1,1
71-296-3473,1,1,1
71-435-3707,1,1,1
71-436-1301,1,1,1
71-436-7010,1,1,1
71-437-1795,1,1,1
71-439-1274,1,1,0
71-439-2880,1,1,1
71-440-2524,1,1,1
71-440-9319,1,1,1
71-441-0374,1,1,1
71-441-5461,1,1,1
71-442-4045,1,1,1
71-442-4251,1,1,1
71-442-7388,1,1,1
71-443-0488,1,1,1
71-477-1805,1,1,1
71-478-3719,1,0,1
71-499-6162,1,1,1
71-503-1916,0,1,1
71-504-7431,1,1,1
71-508-7639,1,1,1
71-509-9918,1,1,1
71-510-1687,1,1,1
71-510-2123,1,1,1
71-514-4018,1,1,1
71-514-4024,1,1,1
71-519-0476,1,1,1
71-528-3471,1,1,1
71-539-3877,1,1,1
71-543-3309,0,1,1
71-543-3312,1,1,1
71-543-3313,1,1,0
71-544-1105,1,0,0
71-547-2951,1,1,1
71-550-0036,1,1,1
71-555-2518,1,1,1
71-556-5243,1,1,1
71-556-5247,1,1,1
71-562-7045,1,0,1
71-569-1384,1,1,1
71-575-3692,1,0,1
71-575-3700,1,1,1
71-584-2061,1,1,1
71-588-7530,1,1,1
71-589-9299,1,1,1
71-589-9311,1,1,1
71-640-2716,1,1,1
71-656-4277,1,1,0
71-657-7947,1,1,1
71-657-7948,1,0,0
71-661-8008,1,1,1
71-661-8011,1,1,1
71-661-8014,1,1,1
71-664-8270,1,1,1
71-665-7438,1,1,1
71-667-8008,1,1,1
71-689-9218,1,1,0
71-694-3984,1,1,0
71-696-8498,1,1,1
71-696-8504,1,1,1
71-698-0271,1,1,1
71-704-3691,1,1,1
71-704-9431,1,1,1
71-717-8365,1,1,1
71-737-9934,1,1,1
71-738-7834,1,1,1
71-742-2079,1,1,1
71-744-3514,1,1,1
71-744-3624,1,1,1
71-745-0280,1,1,1
71-750-5701,1,1,1
71-751-3351,1,1,1
71-751-3353,1,1,1
71-751-3354,1,1,1
71-760-0877,1,1,1
71-763-0825,1,1,0
71-763-0830,1,1,1
71-777-0763,2,2,2
71-783-6255,1,1,1
71-784-5060,1,1,1
71-787-8127,1,1,1
71-787-8134,1,1,1
71-789-5186,1,1,1
71-796-9251,1,1,1
71-807-7535,1,1,1
71-815-8683,1,1,0
71-815-8687,1,1,1
71-816-5169,1,1,0
71-816-6451,1,1,1
71-820-8829,1,1,1
71-822-9217,1,1,1
71-836-7294,1,1,1
71-856-2955,1,1,1
71-856-2956,1,1,1
71-859-9547,1,1,1
71-861-2525,1,1,1
71-865-9158,1,1,1
71-871-2167,1,1,1
71-881-3790,1,0,0
71-884-3411,1,1,1
71-884-3414,0,1,1
71-890-3256,1,0,0
71-890-4377,1,1,1
71-903-9066,1,1,1
71-903-9070,1,1,1
71-905-7016,1,1,1
71-906-4422,1,1,1
71-909-8767,1,1,1
71-913-8790,0,0,1
71-914-7516,1,1,1
71-918-0108,0,1,1
71-920-9796,1,1,1
71-938-3009,1,1,1
71-977-3467,1,1,1
71-987-8498,1,1,1
71-989-1582,1,1,1
71-997-7960,1,1,1
72-002-3373,1,1,1
72-026-9760,1,1,1
72-028-6129,1,0,0
72-041-5870,1,1,1
72-044-5635,0,0,1
72-058-7032,1,1,1
72-060-3004,1,1,1
72-092-7056,1,1,0
72-104-2343,1,1,1
72-110-0281,1,0,0
72-129-6662,1,1,0
72-133-1659,1,1,1
72-140-4177,1,1,1
72-140-4179,1,1,1
72-146-0565,1,1,0
72-146-0739,1,1,1
72-170-4951,1,1,1
72-179-4765,1,0,0
72-191-3062,1,1,1
72-191-3197,1,1,1
72-192-4872,1,1,1
72-194-3435,1,0,0
72-196-5570,1,1,1
72-196-5574,1,1,1
72-196-5575,1,1,1
72-212-9218,1,1,1
72-216-3551,1,1,1
72-225-5789,0,0,1
72-229-1411,1,1,1
72-229-1464,1,1,1
72-229-1485,1,1,1
72-229-1496,1,1,1
72-229-1511,1,0,0
72-229-1512,1,0,0
72-229-1528,1,1,1
72-229-1534,1,1,1
72-229-1600,1,1,1
72-232-5355,1,1,1
72-232-5357,1,0,0
72-232-5383,1,1,1
72-235-3179,1,1,1
72-243-1410,1,1,1
72-243-8352,1,1,1
72-255-0692,1,1,1
72-255-3059,1,1,1
72-255-3065,1,1,1
72-255-3069,1,1,1
72-255-3074,1,1,0
72-257-6355,1,1,1
72-258-1706,1,1,1
72-260-8504,1,1,1
72-266-3733,1,1,1
72-266-4005,1,1,1
72-266-5661,0,1,1
72-267-1931,1,1,1
72-267-2921,0,0,1
72-271-6468,1,1,1
72-271-6480,1,1,1
72-271-6499,1,1,1
72-271-6502,1,1,1
72-278-4963,1,1,1
72-279-4225,1,1,1
72-286-0716,1,1,1
72-293-1716,1,1,1
72-299-8004,1,1,1
72-300-2582,1,1,1
72-300-7212,1,0,0
72-303-5968,0,1,1
72-307-3567,1,1,1
72-307-8746,1,0,0
72-307-8748,1,1,1
72-311-1532,1,1,1
72-316-0910,1,1,1
72-326-4698,1,0,0
72-327-2377,1,1,1
72-338-7730,1,0,0
72-341-0340,1,1,1
72-344-1860,1,1,0
72-344-1867,1,1,1
72-345-0699,1,1,0
72-348-4059,1,1,1
72-353-4386,1,1,1
72-353-4521,1,1,1
72-357-3190,1,1,1
72-361-9556,1,1,1
72-364-4295,1,1,1
72-365-5390,1,1,1
72-374-1751,1,1,1
72-379-0103,1,1,1
72-384-4286,1,1,1
72-384-6437,1,1,1
72-384-9496,1,1,1
72-393-4314,1,1,0
72-396-9619,0,1,1
72-404-1854,1,1,1
72-405-5526,1,1,1
72-411-9997,1,1,1
72-419-0338,1,1,1
72-433-0864,1,1,1
72-433-0871,1,1,1
72-442-8205,1,1,1
72-454-4977,1,1,1
72-457-9539,1,0,1
72-457-9580,1,1,1
72-457-9682,1,0,0
72-457-9921,1,1,1
72-458-0156,1,1,1
72-458-0201,1,1,1
72-458-0392,1,1,0
72-458-5974,1,1,1
72-458-6211,1,1,1
72-458-9406,1,1,1
72-458-9695,1,1,1
72-459-7792,1,1,1
72-460-7036,1,1,1
72-460-7073,1,1,1
72-462-3774,1,1,1
72-462-7489,1,1,1
72-473-3989,1,1,0
72-488-2694,1,1,1
72-492-9736,1,1,0
72-496-3359,1,0,0
72-504-8935,0,0,1
72-505-6547,1,1,1
72-508-2019,1,0,0
72-513-3855,1,1,1
72-513-4776,1,1,1
72-513-4778,1,1,1
72-513-4788,1,1,1
72-513-8299,1,1,1
72-513-8302,1,0,0
72-513-8304,1,0,0
72-517-1044,1,1,1
72-519-4448,1,1,1
72-523-4729,1,1,1
72-525-0202,1,1,1
72-527-6242,1,1,1
72-534-4389,1,1,1
72-542-1413,1,1,1
72-556-6188,1,1,1
72-559-5619,1,1,1
72-560-1096,1,1,1
72-561-6725,1,1,1
72-565-6491,0,1,1
72-583-3606,1,1,0
72-593-6831,1,1,1
72-594-8338,0,1,1
72-595-7072,1,1,1
72-596-5223,1,1,0
72-603-9599,1,1,1
72-611-0495,1,1,1
72-617-7674,0,1,1
72-617-7701,1,1,1
72-620-6178,0,0,1
72-621-4445,1,1,1
72-623-4558,1,0,0
72-625-2082,1,1,1
72-625-2101,1,1,1
72-627-5104,1,1,1
72-629-6062,1,1,0
72-639-0820,1,1,0
72-696-9227,1,1,1
72-791-3687,1,1,1
72-791-3690,1,1,1
72-819-5696,1,1,1
72-820-1787,1,1,1
72-853-9764,1,1,1
72-857-3749,1,1,1
72-896-5100,1,1,1
72-900-6186,1,1,1
72-904-0073,1,0,0
72-915-6335,1,1,1
72-968-6952,1,1,1
72-972-5296,0,2,2
72-972-5305,1,1,1
72-999-1922,0,1,0
73-080-3934,1,1,1
73-080-3938,1,1,1
73-081-9115,0,0,1
73-085-8374,1,1,1
73-099-2012,1,0,0
73-100-0333,1,1,1
73-102-3723,0,1,1
73-103-7927,1,1,1
73-103-9729,1,1,1
73-108-0477,1,1,1
73-109-9409,0,1,1
73-138-8258,1,1,1
73-149-0805,1,1,1
73-159-3643,1,1,0
73-177-3694,0,1,1
73-186-6334,1,1,1
73-203-3291,2,2,2
73-208-5290,0,1,1
73-208-5301,2,2,2
73-222-3752,1,1,1
73-224-7854,1,1,1
73-309-6020,1,0,1
73-309-6024,1,0,0
73-316-8412,0,1,1
73-338-9420,1,1,1
73-347-4206,1,1,1
73-388-2258,1,1,1
73-396-6437,1,1,1
73-400-0438,1,1,1
73-402-1250,1,1,1
73-403-9262,1,1,1
73-405-1922,1,1,1
73-417-8113,1,1,1
73-424-6108,1,1,1
73-426-4589,1,0,0
73-431-9985,1,1,0
73-432-1389,0,0,1
73-435-1644,0,1,1
73-446-2322,1,1,1
73-446-2342,0,1,1
73-451-6485,1,1,1
73-451-6486,1,1,1
73-451-6488,0,1,1
73-451-6490,0,1,1
73-455-4079,1,0,0
73-455-4080,1,1,1
73-470-8806,1,1,1
73-480-0309,1,1,1
73-481-6446,1,1,0
73-486-0003,0,0,1
73-488-8235,1,1,0
73-488-8236,1,1,1
73-491-1293,1,1,1
73-493-0346,1,1,1
73-497-4144,0,1,1
73-513-6556,1,1,1
73-534-3933,1,1,1
73-546-9407,1,1,1
73-558-5794,1,1,1
73-559-6333,1,1,1
73-574-5647,1,1,1
73-578-0814,1,1,1
73-578-1091,1,1,0
73-585-9280,1,1,0
73-585-9361,1,1,1
73-585-9731,1,1,1
73-605-4687,1,0,0
73-611-4779,1,1,1
73-616-2661,1,1,1
73-626-2854,1,1,1
73-632-5108,1,1,1
73-639-9118,1,0,0
73-639-9461,0,0,1
73-677-4020,0,0,1
73-720-9277,1,1,1
73-723-0833,1,1,1
73-729-7691,1,1,1
73-734-8445,1,1,1
73-734-8481,1,1,1
73-734-8500,1,1,1
73-735-9997,1,1,1
73-737-9952,1,0,0
73-740-8320,1,1,1
73-748-7616,0,1,1
73-755-9629,1,1,1
73-761-4237,1,1,1
73-777-1825,1,1,1
73-785-4739,1,1,1
73-790-7078,0,2,0
73-793-0380,1,1,1
73-794-4665,0,1,1
73-794-4668,1,1,1
73-798-4753,1,1,1
73-798-4755,1,1,1
73-821-7717,1,1,1
73-832-4440,1,1,0
73-837-9710,1,1,1
73-839-7203,0,1,1
73-842-5227,1,1,1
73-842-6228,1,0,0
73-847-5897,1,1,1
73-853-1203,1,1,1
73-859-4412,1,1,1
73-863-4201,1,1,1
73-863-5213,1,1,1
73-869-7906,1,1,1
73-872-2304,1,1,1
73-880-3783,1,1,1
73-881-4234,1,1,1
73-883-2756,1,0,0
73-896-8495,1,1,1
73-906-0455,1,1,1
73-911-3599,0,1,1
73-913-6626,1,1,1
73-917-4619,1,1,1
73-917-4699,1,1,1
73-921-7218,1,1,1
73-928-8422,1,1,1
73-982-5915,1,1,1
73-985-2966,1,1,0
73-991-6854,0,1,1
73-999-4997,0,0,1
74-006-7247,0,0,1
74-006-7655,0,0,1
74-006-8270,1,0,0
74-013-8622,0,0,1
74-013-8939,1,0,0
74-020-6570,0,1,0
74-033-1654,1,0,0
74-033-2177,0,1,1
74-035-1836,0,1,1
74-039-6340,0,1,1
74-046-2468,1,1,1
74-053-3933,1,1,1
74-067-3888,1,1,1
74-079-4421,0,1,1
74-099-0390,1,1,0
74-099-2030,1,1,1
74-110-3645,0,0,1
74-118-5362,0,0,1
74-118-5555,0,1,1
74-130-8093,0,1,1
74-143-6808,0,0,1
74-143-7259,0,1,1
74-147-3088,1,1,1
74-150-7670,0,0,1
74-153-8261,0,0,1
74-153-9352,0,0,1
74-160-2151,0,1,1
74-166-5188,0,1,0
74-166-5190,1,1,1
74-168-3902,0,1,1
74-170-1174,1,1,1
74-177-4866,0,1,1
74-184-8008,1,1,1
74-193-3373,0,1,1
74-201-4650,0,1,1
74-216-8110,0,1,1
74-220-4021,1,1,1
74-260-8571,1,1,1
74-262-4859,1,1,1
74-268-9713,0,0,1
74-270-8059,1,1,1
74-279-7019,1,1,1
74-283-3027,1,1,1
74-285-0138,1,1,1
74-359-9387,1,1,1
74-366-9860,1,1,1
74-370-0352,1,1,1
74-372-2086,1,1,1
74-372-2130,1,1,1
74-376-2019,1,1,1
74-378-8297,1,1,1
74-383-2554,0,1,0
74-385-3885,1,1,1
74-387-1818,1,1,1
74-391-1649,0,1,1
74-392-1945,1,1,0
74-412-4841,0,0,1
74-434-0607,1,1,1
74-434-5219,1,1,1
74-441-6798,0,1,1
74-444-0237,0,0,1
74-457-4238,0,1,1
74-467-0630,0,1,1
74-468-1893,0,1,1
74-472-5146,0,1,1
74-474-1817,0,1,1
74-474-1843,0,1,1
74-476-9072,0,1,1
74-481-1573,0,1,1
74-482-4112,0,1,1
74-482-5737,0,1,1
74-487-8996,0,1,0
74-487-9160,0,1,1
74-489-6405,0,1,0
74-490-7732,0,1,1
74-493-6024,0,1,1
74-620-2534,0,1,1
74-645-6500,0,1,1
74-659-2446,0,1,1
74-668-0766,0,1,1
74-668-0767,0,1,1
74-672-5574,0,1,1
74-672-5575,0,1,1
74-680-5478,0,1,1
74-681-8771,0,1,1
74-686-2894,0,1,1
74-699-0547,0,1,1
74-713-0435,0,1,1
74-716-3958,0,1,1
74-728-3827,0,1,1
74-732-3383,0,1,1
74-735-2123,0,1,1
74-756-6028,0,1,1
74-761-6246,0,1,1
74-772-8489,0,1,1
74-772-8530,0,1,1
74-773-0193,0,1,1
74-777-9061,0,1,1
74-788-3408,0,0,1
74-813-8269,0,1,1
74-813-8836,0,2,2
74-818-4837,0,1,1
74-820-6918,0,1,1
74-823-2621,0,1,1
74-827-6903,0,1,1
74-836-8864,0,1,1
74-855-1433,0,1,1
74-855-1437,0,1,1
74-904-1017,0,1,1
74-907-5363,0,1,1
74-924-3787,0,1,1
74-927-6308,0,1,1
74-959-9715,0,1,1
74-962-7305,0,1,1
74-979-6007,0,1,1
74-994-5575,0,0,2
75-046-7777,0,0,1
75-046-7788,0,0,1
75-049-8369,0,0,1
75-050-2675,0,0,1
75-050-8936,0,0,1
75-072-6644,0,0,1
75-134-0203,0,0,1
75-140-8656,0,0,1
75-150-6733,0,0,1
75-165-2051,0,0,1
75-165-2053,0,0,1
75-165-2063,0,0,1
75-177-6951,0,0,1
75-258-7034,0,0,1
75-262-0939,0,0,1
75-306-0469,0,0,1
75-306-0726,0,0,1
75-379-8194,0,0,1
75-386-3333,0,0,1
75-390-2909,0,0,1
75-390-2951,0,0,1
75-394-2844,0,0,1
75-579-4177,0,0,1
75-619-5473,0,0,1
75-624-6957,0,0,1
75-624-6970,0,0,1
75-624-7005,0,0,1
75-730-6926,0,0,1
75-738-6718,0,0,1
75-746-8253,0,0,1
75-788-7207,0,0,1
75-830-0915,0,0,1
75-831-2067,0,0,1
75-831-7326,0,0,1
75-898-0215,0,0,1
75-945-1229,0,0,1
83-128-4567,1,0,0
83-129-2917,1,1,1
83-129-3279,1,1,1
83-129-4665,1,1,1
83-131-6005,1,1,1
83-131-8340,1,1,0
83-135-6274,1,1,1
83-139-4465,1,0,0
83-139-8243,1,1,1
83-142-4700,1,1,1
83-143-2075,1,1,1
83-143-2570,1,1,1
83-146-0035,1,1,1
83-146-0274,1,1,1
83-146-3724,1,1,1
83-146-7584,1,1,1
83-146-7659,1,1,1
83-146-7915,1,1,1
83-147-0059,1,1,1
83-147-1735,1,1,1
83-147-5009,1,1,0
83-147-6239,1,1,1
83-147-7369,1,0,0
83-148-5065,1,1,0
83-151-2017,1,1,1
83-152-2693,1,1,1
83-152-3147,1,1,1
83-153-1223,1,0,0
83-153-1488,1,1,1
83-153-2221,1,1,1
83-153-9713,1,1,1
83-153-9879,1,1,1
83-161-2510,1,1,1
83-162-3731,1,1,1
83-163-4928,1,1,1
83-164-0990,1,1,1
83-164-1675,1,1,1
83-165-5469,1,0,0
83-168-1572,1,1,1
83-168-2489,1,1,0
83-171-2005,1,1,1
83-171-4217,1,1,1
83-175-2738,1,1,1
83-176-5334,1,1,1
83-179-2759,1,1,1
83-180-4521,1,1,1
83-185-6182,1,1,1
83-185-6448,1,1,1
83-186-1653,1,1,1
83-186-4673,1,1,1
83-189-2864,1,0,0
83-189-4639,1,1,1
83-190-2515,1,1,1
83-190-8710,1,1,1
83-191-3561,1,1,1
83-191-3603,1,1,1
83-191-9949,1,1,0
83-192-1465,1,1,1
83-192-4899,1,1,1
83-193-5184,1,1,1
83-202-3188,1,1,1
83-202-8336,1,1,0
83-203-2056,1,1,1
83-203-4961,0,1,1
83-204-4556,1,1,1
83-204-7039,1,1,1
83-204-9357,1,1,1
83-205-6857,1,1,1
83-206-3465,1,1,1
83-206-4638,1,1,1
89-981-3299,1,1,1
89-981-8314,1,1,1
89-981-8330,1,1,1
89-982-1904,1,1,1
89-982-2035,1,1,1
89-982-3868,1,1,1
89-982-9600,1,1,1
89-982-9808,1,1,1
89-983-0681,1,1,1
89-983-1598,1,1,1
89-983-4097,1,1,1
89-983-5268,1,1,1
89-983-7488,1,1,1
89-983-9310,1,1,1
89-983-9369,1,1,1
89-984-0425,1,1,1
89-984-0672,1,1,1
89-984-0797,1,0,0
89-984-1027,1,1,1
89-984-1118,1,1,1
89-984-2512,1,1,1
92-912-2406,1,1,1
93-240-4361,1,0,0
93-495-7838,1,1,1
94-392-9356,1,1,1
94-392-9398,1,1,1
94-607-9522,1,1,1
94-608-9208,1,1,1
94-608-9505,1,1,1
94-608-9539,1,1,1
94-610-1110,1,1,1
94-610-4882,1,0,0
94-612-6802,1,1,1
94-612-6950,1,1,1
94-612-7164,1,1,1
94-613-1307,1,1,1
94-615-1743,1,1,1
94-615-7658,1,1,1
94-615-7674,1,1,1
94-617-9652,1,1,1
94-618-0064,1,1,1
94-622-1181,1,1,1
94-622-2551,1,1,1
94-622-8715,1,1,1
94-623-5116,1,1,1
94-623-7807,1,1,1
94-623-7831,1,1,1
94-623-7849,1,1,1
94-625-0123,1,1,1
94-625-7300,1,1,1
94-626-2813,1,1,1
94-628-6465,1,1,1
94-628-6523,1,1,1
94-631-1180,0,1,1
95-023-9947,1,1,1
96-746-1476,1,1,1
96-746-1625,1,1,1
96-920-5491,1,1,1
97-476-9622,1,1,1
97-477-3756,1,1,1
97-477-7575,1,1,1
97-478-5388,1,1,1
97-478-6386,1,1,1
97-478-6402,1,1,1
97-478-6717,0,1,1
97-479-0974,1,1,1
97-479-1253,1,1,1
97-481-6936,1,1,1
97-494-3359,1,1,1
97-494-4423,1,1,1
97-494-4514,1,1,1
97-497-8744,1,0,0
97-498-9733,1,1,1
97-500-8285,1,1,1
97-500-9226,1,1,1
97-509-2321,1,0,1
97-509-2370,1,1,1
97-509-2933,1,1,1
97-510-3086,1,1,1
97-512-2219,1,1,1
97-981-8606,1,1,1
98-137-6122,1,1,1
98-137-6213,1,1,1
98-137-6593,1,1,1
98-137-6833,1,1,1
98-241-1282,1,1,1
98-241-1456,1,1,1
98-922-0892,1,1,1
